-- --------------------------------------------------------
-- Servidor:                     127.0.0.1
-- Versão do servidor:           8.0.13 - MySQL Community Server - GPL
-- OS do Servidor:               Win64
-- HeidiSQL Versão:              10.1.0.5464
-- --------------------------------------------------------

/*!40101 SET @OLD_CHARACTER_SET_CLIENT=@@CHARACTER_SET_CLIENT */;
/*!40101 SET NAMES utf8 */;
/*!50503 SET NAMES utf8mb4 */;
/*!40014 SET @OLD_FOREIGN_KEY_CHECKS=@@FOREIGN_KEY_CHECKS, FOREIGN_KEY_CHECKS=0 */;
/*!40101 SET @OLD_SQL_MODE=@@SQL_MODE, SQL_MODE='NO_AUTO_VALUE_ON_ZERO' */;


-- Copiando estrutura do banco de dados para gincana
DROP DATABASE IF EXISTS `gincana`;
CREATE DATABASE IF NOT EXISTS `gincana` /*!40100 DEFAULT CHARACTER SET utf8 */;
USE `gincana`;

-- Copiando estrutura para tabela gincana.ci_sessions
DROP TABLE IF EXISTS `ci_sessions`;
CREATE TABLE IF NOT EXISTS `ci_sessions` (
  `id` varchar(128) NOT NULL,
  `ip_address` varchar(45) NOT NULL,
  `timestamp` int(10) unsigned NOT NULL DEFAULT '0',
  `data` blob NOT NULL,
  KEY `ci_sessions_timestamp` (`timestamp`)
) ENGINE=InnoDB DEFAULT CHARSET=utf8;

-- Copiando dados para a tabela gincana.ci_sessions: ~56 rows (aproximadamente)
/*!40000 ALTER TABLE `ci_sessions` DISABLE KEYS */;
INSERT INTO `ci_sessions` (`id`, `ip_address`, `timestamp`, `data`) VALUES
	('4jj0fpteid5jia5s9u3jjbfdl3e2nude', '127.0.0.1', 1556583168, _binary 0x5F5F63695F6C6173745F726567656E65726174657C693A313535363538333136343B),
	('1tructm2rhk39fl7oiruu87dpm9kq9mc', '127.0.0.1', 1557353618, _binary 0x5F5F63695F6C6173745F726567656E65726174657C693A313535373335333630363B69645573756172696F7C733A313A2231223B656D61696C7C733A31343A2261646D696E4073656E61632E6272223B6C6F6761646F7C623A313B),
	('bk3sv1hk57oo4oo5rs7t7jiq3lgujnt7', '127.0.0.1', 1557355232, _binary 0x5F5F63695F6C6173745F726567656E65726174657C693A313535373335353233323B),
	('f6n7ofejle7fi51v29uvdjkrcavh58jf', '127.0.0.1', 1557356640, _binary 0x5F5F63695F6C6173745F726567656E65726174657C693A313535373335363633343B69645573756172696F7C733A313A2231223B656D61696C7C733A31343A2261646D696E4073656E61632E6272223B6C6F6761646F7C623A313B),
	('9f1uedmcpq35gre94kd5e4ghu84lh5vk', '127.0.0.1', 1557358170, _binary 0x5F5F63695F6C6173745F726567656E65726174657C693A313535373335383137303B69645573756172696F7C733A313A2231223B656D61696C7C733A31343A2261646D696E4073656E61632E6272223B6C6F6761646F7C623A313B),
	('s48e4thv4cpbrn5kt0b1upj8vuneti0j', '127.0.0.1', 1557358775, _binary 0x5F5F63695F6C6173745F726567656E65726174657C693A313535373335383737353B69645573756172696F7C733A313A2231223B656D61696C7C733A31343A2261646D696E4073656E61632E6272223B6C6F6761646F7C623A313B),
	('r7p3bhqh59b8aj8ol45dabdg9iigcqkg', '127.0.0.1', 1557361059, _binary 0x5F5F63695F6C6173745F726567656E65726174657C693A313535373336313035393B69645573756172696F7C733A313A2231223B656D61696C7C733A31343A2261646D696E4073656E61632E6272223B6C6F6761646F7C623A313B),
	('ujaob2kcvreinoop3k86dd7brklfmfnm', '127.0.0.1', 1557360590, _binary 0x5F5F63695F6C6173745F726567656E65726174657C693A313535373336303539303B69645573756172696F7C733A313A2231223B656D61696C7C733A31343A2261646D696E4073656E61632E6272223B6C6F6761646F7C623A313B),
	('0dtjc85opnjd1hd5d1ckvomej5adm8jc', '127.0.0.1', 1557361408, _binary 0x5F5F63695F6C6173745F726567656E65726174657C693A313535373336313430383B69645573756172696F7C733A313A2231223B656D61696C7C733A31343A2261646D696E4073656E61632E6272223B6C6F6761646F7C623A313B),
	('l1inkdvqj7vc8hucg3okh41bgebvehti', '127.0.0.1', 1557362068, _binary 0x5F5F63695F6C6173745F726567656E65726174657C693A313535373336323036383B69645573756172696F7C733A313A2231223B656D61696C7C733A31343A2261646D696E4073656E61632E6272223B6C6F6761646F7C623A313B),
	('iuc8cntpge43fa2a2vnc5ti90qh293fv', '127.0.0.1', 1557362675, _binary 0x5F5F63695F6C6173745F726567656E65726174657C693A313535373336323637353B69645573756172696F7C733A313A2231223B656D61696C7C733A31343A2261646D696E4073656E61632E6272223B6C6F6761646F7C623A313B),
	('r14qe2smksigrao33egd5darbjhlp94g', '127.0.0.1', 1557363007, _binary 0x5F5F63695F6C6173745F726567656E65726174657C693A313535373336333030373B69645573756172696F7C733A313A2231223B656D61696C7C733A31343A2261646D696E4073656E61632E6272223B6C6F6761646F7C623A313B),
	('22ln907gcbr1oklpfamfuqq3l1iapo3c', '127.0.0.1', 1557363449, _binary 0x5F5F63695F6C6173745F726567656E65726174657C693A313535373336333434393B69645573756172696F7C733A313A2231223B656D61696C7C733A31343A2261646D696E4073656E61632E6272223B6C6F6761646F7C623A313B),
	('p9kgp0ai49rckibfj462i8tbhdkhtlej', '127.0.0.1', 1557364027, _binary 0x5F5F63695F6C6173745F726567656E65726174657C693A313535373336343032373B69645573756172696F7C733A313A2231223B656D61696C7C733A31343A2261646D696E4073656E61632E6272223B6C6F6761646F7C623A313B),
	('64hh0gc6igv6233qj6bur126d9gcbeuf', '127.0.0.1', 1557364339, _binary 0x5F5F63695F6C6173745F726567656E65726174657C693A313535373336343333393B69645573756172696F7C733A313A2231223B656D61696C7C733A31343A2261646D696E4073656E61632E6272223B6C6F6761646F7C623A313B),
	('ru2vf4g00a8i8fj641ihotei5a00li7v', '127.0.0.1', 1557364640, _binary 0x5F5F63695F6C6173745F726567656E65726174657C693A313535373336343634303B69645573756172696F7C733A313A2231223B656D61696C7C733A31343A2261646D696E4073656E61632E6272223B6C6F6761646F7C623A313B),
	('dh7g88v6u7rvc45qq9nkhgo0f0v64112', '127.0.0.1', 1557364709, _binary 0x5F5F63695F6C6173745F726567656E65726174657C693A313535373336343634303B69645573756172696F7C733A313A2231223B656D61696C7C733A31343A2261646D696E4073656E61632E6272223B6C6F6761646F7C623A313B),
	('4osmhdi720p3bvcc0kpo7uddmrk4m6lq', '127.0.0.1', 1557440824, _binary 0x5F5F63695F6C6173745F726567656E65726174657C693A313535373434303832343B69645573756172696F7C733A313A2231223B656D61696C7C733A31343A2261646D696E4073656E61632E6272223B6C6F6761646F7C623A313B),
	('dladpioiusjvt8in0h1lcv4u12crqne2', '127.0.0.1', 1557442468, _binary 0x5F5F63695F6C6173745F726567656E65726174657C693A313535373434323436383B69645573756172696F7C733A313A2231223B656D61696C7C733A31343A2261646D696E4073656E61632E6272223B6C6F6761646F7C623A313B),
	('21kguuqashqd9gtp5g2rc99c6m7ndj08', '127.0.0.1', 1557442955, _binary 0x5F5F63695F6C6173745F726567656E65726174657C693A313535373434323935353B69645573756172696F7C733A313A2231223B656D61696C7C733A31343A2261646D696E4073656E61632E6272223B6C6F6761646F7C623A313B),
	('desqcd27guvn2l309bkd60v5hvp27jek', '127.0.0.1', 1557443262, _binary 0x5F5F63695F6C6173745F726567656E65726174657C693A313535373434333236323B69645573756172696F7C733A313A2231223B656D61696C7C733A31343A2261646D696E4073656E61632E6272223B6C6F6761646F7C623A313B),
	('k4j2p1lf1rhtk0appsmlanfvu5tbd4t5', '127.0.0.1', 1557443610, _binary 0x5F5F63695F6C6173745F726567656E65726174657C693A313535373434333631303B69645573756172696F7C733A313A2231223B656D61696C7C733A31343A2261646D696E4073656E61632E6272223B6C6F6761646F7C623A313B),
	('1rgj4pqn1pb872r4tkpak5v1fu8i31fi', '127.0.0.1', 1557444225, _binary 0x5F5F63695F6C6173745F726567656E65726174657C693A313535373434343232353B69645573756172696F7C733A313A2231223B656D61696C7C733A31343A2261646D696E4073656E61632E6272223B6C6F6761646F7C623A313B),
	('268tata9tj7o73094g5mi3e35h3f7rk7', '127.0.0.1', 1557443915, _binary 0x5F5F63695F6C6173745F726567656E65726174657C693A313535373434333931343B69645573756172696F7C733A313A2231223B656D61696C7C733A31343A2261646D696E4073656E61632E6272223B6C6F6761646F7C623A313B),
	('b6telujgrfs7csr854d6vtkb0qi3f6b8', '127.0.0.1', 1557444712, _binary 0x5F5F63695F6C6173745F726567656E65726174657C693A313535373434343731323B69645573756172696F7C733A313A2231223B656D61696C7C733A31343A2261646D696E4073656E61632E6272223B6C6F6761646F7C623A313B),
	('jv5hphr21ua2t31rrm3664hco39pr9ce', '127.0.0.1', 1557445122, _binary 0x5F5F63695F6C6173745F726567656E65726174657C693A313535373434353132323B69645573756172696F7C733A313A2231223B656D61696C7C733A31343A2261646D696E4073656E61632E6272223B6C6F6761646F7C623A313B),
	('02m82f48ork142m9eu8qemf7huv7btse', '127.0.0.1', 1557445429, _binary 0x5F5F63695F6C6173745F726567656E65726174657C693A313535373434353432393B69645573756172696F7C733A313A2231223B656D61696C7C733A31343A2261646D696E4073656E61632E6272223B6C6F6761646F7C623A313B),
	('q643rqraqupqml089juhesc4kdmlhksu', '127.0.0.1', 1557445759, _binary 0x5F5F63695F6C6173745F726567656E65726174657C693A313535373434353735393B69645573756172696F7C733A313A2231223B656D61696C7C733A31343A2261646D696E4073656E61632E6272223B6C6F6761646F7C623A313B6D656E736167656D7C733A32383A224571756970652064656C657461646120636F6D207375636573736F21223B5F5F63695F766172737C613A313A7B733A383A226D656E736167656D223B733A333A226F6C64223B7D),
	('ke114gh7jlbc37lod0fs3r9gjervnisk', '127.0.0.1', 1557446149, _binary 0x5F5F63695F6C6173745F726567656E65726174657C693A313535373434363134393B69645573756172696F7C733A313A2231223B656D61696C7C733A31343A2261646D696E4073656E61632E6272223B6C6F6761646F7C623A313B),
	('de0vh93ujinsgauf2l9oii1ub246r9qo', '127.0.0.1', 1557446486, _binary 0x5F5F63695F6C6173745F726567656E65726174657C693A313535373434363438363B69645573756172696F7C733A313A2231223B656D61696C7C733A31343A2261646D696E4073656E61632E6272223B6C6F6761646F7C623A313B),
	('mgat99tusf0qjum7tmbk271rcr7bt3up', '127.0.0.1', 1557447043, _binary 0x5F5F63695F6C6173745F726567656E65726174657C693A313535373434373034333B69645573756172696F7C733A313A2231223B656D61696C7C733A31343A2261646D696E4073656E61632E6272223B6C6F6761646F7C623A313B),
	('jmq8qv2hfjoot7160uurc79cjhmceeit', '127.0.0.1', 1557447364, _binary 0x5F5F63695F6C6173745F726567656E65726174657C693A313535373434373336343B69645573756172696F7C733A313A2231223B656D61696C7C733A31343A2261646D696E4073656E61632E6272223B6C6F6761646F7C623A313B),
	('919p9p8uvk79coe1jhrmrn8f2avekm6p', '127.0.0.1', 1557448836, _binary 0x5F5F63695F6C6173745F726567656E65726174657C693A313535373434383833363B69645573756172696F7C733A313A2231223B656D61696C7C733A31343A2261646D696E4073656E61632E6272223B6C6F6761646F7C623A313B),
	('e8g86n9853bglmrdihbnskbstmn97m3j', '127.0.0.1', 1557449101, _binary 0x5F5F63695F6C6173745F726567656E65726174657C693A313535373434383833363B69645573756172696F7C733A313A2231223B656D61696C7C733A31343A2261646D696E4073656E61632E6272223B6C6F6761646F7C623A313B),
	('8ubbganl2asbh21q93loucpfsj6k0pjk', '127.0.0.1', 1557872026, _binary 0x5F5F63695F6C6173745F726567656E65726174657C693A313535373837323032363B69645573756172696F7C733A313A2231223B656D61696C7C733A31343A2261646D696E4073656E61632E6272223B6C6F6761646F7C623A313B),
	('qmps0t6avcinhka56q4cqbk9qb5h1ooe', '127.0.0.1', 1557872653, _binary 0x5F5F63695F6C6173745F726567656E65726174657C693A313535373837323635333B69645573756172696F7C733A313A2231223B656D61696C7C733A31343A2261646D696E4073656E61632E6272223B6C6F6761646F7C623A313B),
	('o55uj3lkut28mr83s93oph1te75ohhs6', '127.0.0.1', 1557873176, _binary 0x5F5F63695F6C6173745F726567656E65726174657C693A313535373837333137363B69645573756172696F7C733A313A2231223B656D61696C7C733A31343A2261646D696E4073656E61632E6272223B6C6F6761646F7C623A313B),
	('f5t0f3dtrvt58ib2vhjogfto4ltrqpjl', '127.0.0.1', 1557873920, _binary 0x5F5F63695F6C6173745F726567656E65726174657C693A313535373837333932303B69645573756172696F7C733A313A2231223B656D61696C7C733A31343A2261646D696E4073656E61632E6272223B6C6F6761646F7C623A313B),
	('ptv2akbo6miifqhren7fo2up870i3tdp', '127.0.0.1', 1557873496, _binary 0x5F5F63695F6C6173745F726567656E65726174657C693A313535373837333439363B69645573756172696F7C733A313A2231223B656D61696C7C733A31343A2261646D696E4073656E61632E6272223B6C6F6761646F7C623A313B),
	('mjaea4sa1bm0kn2oqkdpv9i61ep9neh2', '127.0.0.1', 1557874811, _binary 0x5F5F63695F6C6173745F726567656E65726174657C693A313535373837343831313B69645573756172696F7C733A313A2231223B656D61696C7C733A31343A2261646D696E4073656E61632E6272223B6C6F6761646F7C623A313B),
	('fbg6r5l0t2bmenl9oes29v7mq0tplhgj', '127.0.0.1', 1557875640, _binary 0x5F5F63695F6C6173745F726567656E65726174657C693A313535373837353634303B69645573756172696F7C733A313A2231223B656D61696C7C733A31343A2261646D696E4073656E61632E6272223B6C6F6761646F7C623A313B),
	('ettf0htfbfbambjm0asdith33n6qcho9', '127.0.0.1', 1557876346, _binary 0x5F5F63695F6C6173745F726567656E65726174657C693A313535373837363334363B69645573756172696F7C733A313A2231223B656D61696C7C733A31343A2261646D696E4073656E61632E6272223B6C6F6761646F7C623A313B),
	('btm7fscguhvo6eed8hlelfk118mmqavq', '127.0.0.1', 1557876647, _binary 0x5F5F63695F6C6173745F726567656E65726174657C693A313535373837363634373B69645573756172696F7C733A313A2231223B656D61696C7C733A31343A2261646D696E4073656E61632E6272223B6C6F6761646F7C623A313B),
	('vuo50b70rv3hvcvh0c9h019o8d73faub', '127.0.0.1', 1557877325, _binary 0x5F5F63695F6C6173745F726567656E65726174657C693A313535373837373332353B69645573756172696F7C733A313A2231223B656D61696C7C733A31343A2261646D696E4073656E61632E6272223B6C6F6761646F7C623A313B),
	('p53ttju5nocirp9pc6k847sislaogerq', '127.0.0.1', 1557877628, _binary 0x5F5F63695F6C6173745F726567656E65726174657C693A313535373837373632383B69645573756172696F7C733A313A2231223B656D61696C7C733A31343A2261646D696E4073656E61632E6272223B6C6F6761646F7C623A313B),
	('2vrjo99go5p8030fj5mhqhcr4sa76cqb', '127.0.0.1', 1557877930, _binary 0x5F5F63695F6C6173745F726567656E65726174657C693A313535373837373933303B69645573756172696F7C733A313A2231223B656D61696C7C733A31343A2261646D696E4073656E61632E6272223B6C6F6761646F7C623A313B),
	('d2sj09pld808h39khjl8ec21gj1rqtd1', '127.0.0.1', 1557878287, _binary 0x5F5F63695F6C6173745F726567656E65726174657C693A313535373837383238373B69645573756172696F7C733A313A2231223B656D61696C7C733A31343A2261646D696E4073656E61632E6272223B6C6F6761646F7C623A313B),
	('jfdct0hp485lo79908574a8re1mtu1ib', '127.0.0.1', 1557878657, _binary 0x5F5F63695F6C6173745F726567656E65726174657C693A313535373837383635373B69645573756172696F7C733A313A2231223B656D61696C7C733A31343A2261646D696E4073656E61632E6272223B6C6F6761646F7C623A313B),
	('nu5nk2nfka9rhgq509lufg5348cp3rb4', '127.0.0.1', 1557879057, _binary 0x5F5F63695F6C6173745F726567656E65726174657C693A313535373837393035373B69645573756172696F7C733A313A2231223B656D61696C7C733A31343A2261646D696E4073656E61632E6272223B6C6F6761646F7C623A313B),
	('ptepln2iebp5s954m829u16k3vlnhpet', '127.0.0.1', 1557879488, _binary 0x5F5F63695F6C6173745F726567656E65726174657C693A313535373837393438383B69645573756172696F7C733A313A2231223B656D61696C7C733A31343A2261646D696E4073656E61632E6272223B6C6F6761646F7C623A313B),
	('m53ivgk964059oq8ng1vmo6nqequv9q7', '127.0.0.1', 1557879907, _binary 0x5F5F63695F6C6173745F726567656E65726174657C693A313535373837393930373B69645573756172696F7C733A313A2231223B656D61696C7C733A31343A2261646D696E4073656E61632E6272223B6C6F6761646F7C623A313B),
	('u0f78eav2ksjpapmrj3d5piqngal07pi', '127.0.0.1', 1557881250, _binary 0x5F5F63695F6C6173745F726567656E65726174657C693A313535373838313235303B69645573756172696F7C733A313A2231223B656D61696C7C733A31343A2261646D696E4073656E61632E6272223B6C6F6761646F7C623A313B),
	('l2q2btjbc59qu5r9rn8edoeb3lpbu4c6', '127.0.0.1', 1557881556, _binary 0x5F5F63695F6C6173745F726567656E65726174657C693A313535373838313535363B69645573756172696F7C733A313A2231223B656D61696C7C733A31343A2261646D696E4073656E61632E6272223B6C6F6761646F7C623A313B),
	('2nj37m46l0v8su51j4p0u6aei8a4c50s', '127.0.0.1', 1557881906, _binary 0x5F5F63695F6C6173745F726567656E65726174657C693A313535373838313930363B69645573756172696F7C733A313A2231223B656D61696C7C733A31343A2261646D696E4073656E61632E6272223B6C6F6761646F7C623A313B),
	('biobhg5i871a7st9fcbuvl74pg2kcvc5', '127.0.0.1', 1557882367, _binary 0x5F5F63695F6C6173745F726567656E65726174657C693A313535373838323336373B69645573756172696F7C733A313A2231223B656D61696C7C733A31343A2261646D696E4073656E61632E6272223B6C6F6761646F7C623A313B),
	('b6uomg69lu9amknrp97kc39u6f7eg28o', '127.0.0.1', 1557882601, _binary 0x5F5F63695F6C6173745F726567656E65726174657C693A313535373838323336373B69645573756172696F7C733A313A2231223B656D61696C7C733A31343A2261646D696E4073656E61632E6272223B6C6F6761646F7C623A313B),
	('6ds3j44ke0b39jfcqatk3uru3tpm4uln', '127.0.0.1', 1557960555, _binary 0x5F5F63695F6C6173745F726567656E65726174657C693A313535373936303535353B69645573756172696F7C733A313A2231223B656D61696C7C733A31343A2261646D696E4073656E61632E6272223B6C6F6761646F7C623A313B),
	('he3gc8k0v1r4r8pjpa41k3d14239k7qb', '127.0.0.1', 1557960899, _binary 0x5F5F63695F6C6173745F726567656E65726174657C693A313535373936303839393B69645573756172696F7C733A313A2231223B656D61696C7C733A31343A2261646D696E4073656E61632E6272223B6C6F6761646F7C623A313B),
	('bjd9o7c51sq7rf9ipg1tgeq5rhmgdo41', '127.0.0.1', 1557961254, _binary 0x5F5F63695F6C6173745F726567656E65726174657C693A313535373936313235343B69645573756172696F7C733A313A2231223B656D61696C7C733A31343A2261646D696E4073656E61632E6272223B6C6F6761646F7C623A313B),
	('cgfd45212cb0sbpqtnm64aamqe7et3eg', '127.0.0.1', 1557961569, _binary 0x5F5F63695F6C6173745F726567656E65726174657C693A313535373936313536393B69645573756172696F7C733A313A2231223B656D61696C7C733A31343A2261646D696E4073656E61632E6272223B6C6F6761646F7C623A313B),
	('3gnk0qqg5r2u2s1tj0p6op6s639prjrm', '127.0.0.1', 1557961948, _binary 0x5F5F63695F6C6173745F726567656E65726174657C693A313535373936313934383B69645573756172696F7C733A313A2231223B656D61696C7C733A31343A2261646D696E4073656E61632E6272223B6C6F6761646F7C623A313B),
	('duriibsa9ab3rsrm8r0ahatpplmjfotm', '127.0.0.1', 1557962252, _binary 0x5F5F63695F6C6173745F726567656E65726174657C693A313535373936323235323B69645573756172696F7C733A313A2231223B656D61696C7C733A31343A2261646D696E4073656E61632E6272223B6C6F6761646F7C623A313B),
	('fll51mj3p3mv6gtuhc9d6ntar3fo2mdo', '127.0.0.1', 1557962672, _binary 0x5F5F63695F6C6173745F726567656E65726174657C693A313535373936323637323B69645573756172696F7C733A313A2231223B656D61696C7C733A31343A2261646D696E4073656E61632E6272223B6C6F6761646F7C623A313B),
	('41qgn17a711vofa104n67qndnd31ern3', '127.0.0.1', 1557963187, _binary 0x5F5F63695F6C6173745F726567656E65726174657C693A313535373936333138373B69645573756172696F7C733A313A2231223B656D61696C7C733A31343A2261646D696E4073656E61632E6272223B6C6F6761646F7C623A313B),
	('c8a0su8ubd9o8ng2i699it6f4ur171lk', '127.0.0.1', 1557963525, _binary 0x5F5F63695F6C6173745F726567656E65726174657C693A313535373936333532353B69645573756172696F7C733A313A2231223B656D61696C7C733A31343A2261646D696E4073656E61632E6272223B6C6F6761646F7C623A313B),
	('tmj2skg6g297a2juu6mhe6vulr4d0oaq', '127.0.0.1', 1557963860, _binary 0x5F5F63695F6C6173745F726567656E65726174657C693A313535373936333836303B69645573756172696F7C733A313A2231223B656D61696C7C733A31343A2261646D696E4073656E61632E6272223B6C6F6761646F7C623A313B),
	('fpt69o7clbfhs2pcrsle9epi5ntdvjcd', '127.0.0.1', 1557964197, _binary 0x5F5F63695F6C6173745F726567656E65726174657C693A313535373936343139373B69645573756172696F7C733A313A2231223B656D61696C7C733A31343A2261646D696E4073656E61632E6272223B6C6F6761646F7C623A313B),
	('9tu3jipufg8snolj4et8tr3f64n1mn35', '127.0.0.1', 1557964572, _binary 0x5F5F63695F6C6173745F726567656E65726174657C693A313535373936343537323B69645573756172696F7C733A313A2231223B656D61696C7C733A31343A2261646D696E4073656E61632E6272223B6C6F6761646F7C623A313B),
	('u2ibhutn617inq4u2p0322dt4t3d86vv', '127.0.0.1', 1557964893, _binary 0x5F5F63695F6C6173745F726567656E65726174657C693A313535373936343839333B69645573756172696F7C733A313A2231223B656D61696C7C733A31343A2261646D696E4073656E61632E6272223B6C6F6761646F7C623A313B),
	('1fp9d89q09l68ihjqku3qs1jhgbdugpc', '127.0.0.1', 1557965194, _binary 0x5F5F63695F6C6173745F726567656E65726174657C693A313535373936353139343B69645573756172696F7C733A313A2231223B656D61696C7C733A31343A2261646D696E4073656E61632E6272223B6C6F6761646F7C623A313B),
	('k0770kago3vld6mq1ntutb1hcuef1c70', '127.0.0.1', 1557965530, _binary 0x5F5F63695F6C6173745F726567656E65726174657C693A313535373936353533303B69645573756172696F7C733A313A2231223B656D61696C7C733A31343A2261646D696E4073656E61632E6272223B6C6F6761646F7C623A313B),
	('ogeb8v7kmcp5bn65dge3cduhm61s3akq', '127.0.0.1', 1557965836, _binary 0x5F5F63695F6C6173745F726567656E65726174657C693A313535373936353833363B69645573756172696F7C733A313A2231223B656D61696C7C733A31343A2261646D696E4073656E61632E6272223B6C6F6761646F7C623A313B),
	('hubll9kc1jli623onq4smju5mk607fk4', '127.0.0.1', 1557966421, _binary 0x5F5F63695F6C6173745F726567656E65726174657C693A313535373936363432313B69645573756172696F7C733A313A2231223B656D61696C7C733A31343A2261646D696E4073656E61632E6272223B6C6F6761646F7C623A313B),
	('onnoa1uje3elalrlg8gb4lreenlpqblg', '127.0.0.1', 1557966741, _binary 0x5F5F63695F6C6173745F726567656E65726174657C693A313535373936363734313B69645573756172696F7C733A313A2231223B656D61696C7C733A31343A2261646D696E4073656E61632E6272223B6C6F6761646F7C623A313B),
	('ohhnd82mj9t3nhr5vheqe61c9iej0vhb', '127.0.0.1', 1557967093, _binary 0x5F5F63695F6C6173745F726567656E65726174657C693A313535373936373039333B69645573756172696F7C733A313A2231223B656D61696C7C733A31343A2261646D696E4073656E61632E6272223B6C6F6761646F7C623A313B),
	('tlk67cs8ijk1o98msfh78u813i8t7kh0', '127.0.0.1', 1557967652, _binary 0x5F5F63695F6C6173745F726567656E65726174657C693A313535373936373635323B69645573756172696F7C733A313A2231223B656D61696C7C733A31343A2261646D696E4073656E61632E6272223B6C6F6761646F7C623A313B),
	('pp5u1forr23jght7fk6181b33l11k4di', '127.0.0.1', 1557968137, _binary 0x5F5F63695F6C6173745F726567656E65726174657C693A313535373936383133373B69645573756172696F7C733A313A2231223B656D61696C7C733A31343A2261646D696E4073656E61632E6272223B6C6F6761646F7C623A313B),
	('e6ccnhdh6rb4toib0uvdgs47m527neod', '127.0.0.1', 1557968459, _binary 0x5F5F63695F6C6173745F726567656E65726174657C693A313535373936383435393B69645573756172696F7C733A313A2231223B656D61696C7C733A31343A2261646D696E4073656E61632E6272223B6C6F6761646F7C623A313B),
	('8n3h0mde12tmgmmeat2m8vn1nu47k2n3', '127.0.0.1', 1557968648, _binary 0x5F5F63695F6C6173745F726567656E65726174657C693A313535373936383435393B69645573756172696F7C733A313A2231223B656D61696C7C733A31343A2261646D696E4073656E61632E6272223B6C6F6761646F7C623A313B);
/*!40000 ALTER TABLE `ci_sessions` ENABLE KEYS */;

-- Copiando estrutura para tabela gincana.equipe
DROP TABLE IF EXISTS `equipe`;
CREATE TABLE IF NOT EXISTS `equipe` (
  `id` int(11) NOT NULL AUTO_INCREMENT,
  `nome` char(200) NOT NULL,
  PRIMARY KEY (`id`)
) ENGINE=InnoDB AUTO_INCREMENT=4 DEFAULT CHARSET=utf8;

-- Copiando dados para a tabela gincana.equipe: ~2 rows (aproximadamente)
/*!40000 ALTER TABLE `equipe` DISABLE KEYS */;
INSERT INTO `equipe` (`id`, `nome`) VALUES
	(2, 'Inteer'),
	(3, 'jooj');
/*!40000 ALTER TABLE `equipe` ENABLE KEYS */;

-- Copiando estrutura para tabela gincana.integrante
DROP TABLE IF EXISTS `integrante`;
CREATE TABLE IF NOT EXISTS `integrante` (
  `id` int(11) NOT NULL AUTO_INCREMENT,
  `id_equipe` int(11) NOT NULL,
  `nome` varchar(100) NOT NULL,
  `data_nasc` date DEFAULT NULL,
  `rg` varchar(11) DEFAULT NULL,
  `cpf` varchar(14) DEFAULT NULL,
  PRIMARY KEY (`id`),
  UNIQUE KEY `cpf` (`cpf`),
  KEY `FK_integrante_equipe` (`id_equipe`),
  CONSTRAINT `FK_integrante_equipe` FOREIGN KEY (`id_equipe`) REFERENCES `equipe` (`id`)
) ENGINE=InnoDB AUTO_INCREMENT=21 DEFAULT CHARSET=utf8;

-- Copiando dados para a tabela gincana.integrante: ~2 rows (aproximadamente)
/*!40000 ALTER TABLE `integrante` DISABLE KEYS */;
INSERT INTO `integrante` (`id`, `id_equipe`, `nome`, `data_nasc`, `rg`, `cpf`) VALUES
	(18, 2, 'Igor', '0000-00-00', '', ''),
	(20, 3, 'Igor', '0000-00-00', '123456', '9999999999');
/*!40000 ALTER TABLE `integrante` ENABLE KEYS */;

-- Copiando estrutura para tabela gincana.pontuacao
DROP TABLE IF EXISTS `pontuacao`;
CREATE TABLE IF NOT EXISTS `pontuacao` (
  `id` int(11) NOT NULL AUTO_INCREMENT,
  `id_equipe` int(11) NOT NULL,
  `id_prova` int(11) NOT NULL,
  `id_usuario` int(11) DEFAULT NULL,
  `pontos` int(11) NOT NULL,
  `data_hora` datetime DEFAULT NULL,
  PRIMARY KEY (`id`),
  KEY `FK_pontuacao_equipe` (`id_equipe`),
  KEY `FK_pontuacao_prova` (`id_prova`),
  KEY `FK_pontuacao_usuario` (`id_usuario`),
  CONSTRAINT `FK_pontuacao_equipe` FOREIGN KEY (`id_equipe`) REFERENCES `equipe` (`id`),
  CONSTRAINT `FK_pontuacao_prova` FOREIGN KEY (`id_prova`) REFERENCES `prova` (`id`),
  CONSTRAINT `FK_pontuacao_usuario` FOREIGN KEY (`id_usuario`) REFERENCES `usuario` (`id`)
) ENGINE=InnoDB AUTO_INCREMENT=13 DEFAULT CHARSET=utf8;

-- Copiando dados para a tabela gincana.pontuacao: ~0 rows (aproximadamente)
/*!40000 ALTER TABLE `pontuacao` DISABLE KEYS */;
INSERT INTO `pontuacao` (`id`, `id_equipe`, `id_prova`, `id_usuario`, `pontos`, `data_hora`) VALUES
	(8, 2, 7, 1, 3, '2019-05-16 00:06:00'),
	(9, 3, 7, 1, 5, '2019-05-16 00:06:16'),
	(10, 2, 8, 1, 10, '2019-05-16 00:06:43'),
	(12, 2, 7, 1, 6666, '2019-05-16 00:09:49');
/*!40000 ALTER TABLE `pontuacao` ENABLE KEYS */;

-- Copiando estrutura para tabela gincana.prova
DROP TABLE IF EXISTS `prova`;
CREATE TABLE IF NOT EXISTS `prova` (
  `id` int(11) NOT NULL AUTO_INCREMENT,
  `nome` varchar(50) NOT NULL,
  `tempo` time DEFAULT NULL,
  `descricao` text,
  `nm_integrantes` tinytext,
  PRIMARY KEY (`id`)
) ENGINE=InnoDB AUTO_INCREMENT=13 DEFAULT CHARSET=utf8;

-- Copiando dados para a tabela gincana.prova: ~2 rows (aproximadamente)
/*!40000 ALTER TABLE `prova` DISABLE KEYS */;
INSERT INTO `prova` (`id`, `nome`, `tempo`, `descricao`, `nm_integrantes`) VALUES
	(7, 'futebol', '10:00:00', 'zcasdf', '23'),
	(8, 'Marco HP', '00:23:44', 'honda', '555'),
	(12, 'volei', '02:33:23', 'quando n tem futsal', '10');
/*!40000 ALTER TABLE `prova` ENABLE KEYS */;

-- Copiando estrutura para tabela gincana.usuario
DROP TABLE IF EXISTS `usuario`;
CREATE TABLE IF NOT EXISTS `usuario` (
  `id` int(11) NOT NULL AUTO_INCREMENT,
  `email` varchar(200) NOT NULL,
  `senha` varchar(80) NOT NULL,
  PRIMARY KEY (`id`)
) ENGINE=InnoDB AUTO_INCREMENT=2 DEFAULT CHARSET=utf8;

-- Copiando dados para a tabela gincana.usuario: ~0 rows (aproximadamente)
/*!40000 ALTER TABLE `usuario` DISABLE KEYS */;
INSERT INTO `usuario` (`id`, `email`, `senha`) VALUES
	(1, 'admin@senac.br', 'db5b24ce1aadda4501b7b5ae8c07c635f519fa05');
/*!40000 ALTER TABLE `usuario` ENABLE KEYS */;

/*!40101 SET SQL_MODE=IFNULL(@OLD_SQL_MODE, '') */;
/*!40014 SET FOREIGN_KEY_CHECKS=IF(@OLD_FOREIGN_KEY_CHECKS IS NULL, 1, @OLD_FOREIGN_KEY_CHECKS) */;
/*!40101 SET CHARACTER_SET_CLIENT=@OLD_CHARACTER_SET_CLIENT */;
